{"Reward thru epoch(PL)": 13.0844860127139, "_timestamp": 1695713168.713817, "_runtime": 103.15782284736633, "_step": 6896, "critic_loss": 12.594649021880617, "actor_loss": 0.9999580383300781, "_wandb": {"runtime": 102}}