{"Last Epoch Reward(PL)": 1637876.625, "_timestamp": 1694425249.423729, "_runtime": 104.9379780292511, "_step": 6, "_wandb": {"runtime": 106}}