{"Last Epoch Reward(PL)": 4316462.5, "_timestamp": 1694476587.5354373, "_runtime": 33.26403832435608, "_step": 2, "_wandb": {"runtime": 32}}