{"Reward thru epoch(PL)": 0, "_timestamp": 1695710442.573888, "_runtime": 11.331475973129272, "_step": 0, "_wandb": {"runtime": 9}}