{"Last Epoch Reward(PL)": 1637876.625, "_timestamp": 1694425362.8117507, "_runtime": 22.310009717941284, "_step": 0, "_wandb": {"runtime": 33}}