{"Reward thru epoch(PL)": 0, "_timestamp": 1695710472.5389144, "_runtime": 11.133670330047607, "_step": 0, "_wandb": {"runtime": 9}}