{"Last Epoch Reward(PL)": 696196.1875, "_timestamp": 1694476536.145069, "_runtime": 788.0533249378204, "_step": 94, "_wandb": {"runtime": 787}}