{"Reward thru epoch(PL)": 105904592.0, "_timestamp": 1694484177.1465878, "_runtime": 23.40286087989807, "_step": 1, "_wandb": {"runtime": 22}}