{"Last Epoch Reward(PL)": 91572.90625, "_timestamp": 1694475717.0890903, "_runtime": 308.8382623195648, "_step": 36, "_wandb": {"runtime": 308}}