{"Last Epoch Reward(PL)": 846484.3125, "_timestamp": 1694426079.6617935, "_runtime": 297.4134545326233, "_step": 24, "_wandb": {"runtime": 296}}