{"Reward thru epoch(PL)": 0, "_timestamp": 1695710708.3982754, "critic_loss": 6.814935824063257, "_runtime": 95.15812945365906, "_step": 5215, "actor_loss": 1.0, "_wandb": {"runtime": 94}}