{"Last Epoch Reward(PL)": 1235236.5, "_timestamp": 1694475283.4177473, "_runtime": 15.444129228591919, "_step": 0, "_wandb": {"runtime": 14}}