{"Reward thru epoch(PL)": 71659757568.0, "_timestamp": 1695710130.6939518, "_runtime": 125.72087383270264, "_step": 2, "_wandb": {"runtime": 124}}