{"Reward thru epoch(PL)": -40722.35546875, "_timestamp": 1694476992.4375484, "_runtime": 38.59468936920166, "_step": 3, "_wandb": {"runtime": 37}}