{"Reward thru epoch(PL)": 1637876.625, "_timestamp": 1694476696.9439597, "_runtime": 41.715346813201904, "_step": 1410, "_wandb": {"runtime": 50}}