{"Last Epoch Reward(PL)": 1637876.625, "_timestamp": 1694425742.4659793, "_runtime": 197.78989624977112, "_step": 14, "_wandb": {"runtime": 200}}