{"Terminater reward": 0.0, "_timestamp": 1696480456.1151614, "_runtime": 42.8791823387146, "_step": 6, "_wandb": {"runtime": 43}}